{
  "category": "Cultura",
  "question": "¿Qué ingredintes se necesitan para hacer una michelada?",
  "options": ["Cerveza, lima/limón, sal, chile en polvo, salsa tipo inglesa, picante", "Cerveza, lima/limón y limon", "Cerveza, sal, tabasco y lima/limón"],
  "answer": 0,
  "explanation": "La michelada, originaria de México, nacida de la creatividad y el deseo de refrescar, se convirtió en una popular bebida que cautivó a los amantes de la cerveza con su combinación única de sabores y su espíritu festivo."
}
